#{"t_start": 1673991542.5326264, "env_id": "WurtzDistill-v1"}
r,l,t
0.2,8,1.587949
0.2,3,1.602655
0.2,3,1.619508
0.2,1,1.621054
0.2,2,1.629279
0.2,6,1.667237
0.2,1,1.668781
0.2,2,1.676863
0.2,2,1.687735
0.2,2,1.698629
0.2,5,1.731193
0.2,4,1.753198
0.2,2,1.763324
0.2,6,1.797183
0.2,2,1.805224
0.2,2,1.813256
0.2,2,1.824105
0.2,4,1.844603
0.2,1,1.846148
0.2,1,1.847685
0.2,3,1.859299
0.2,1,1.86084
0.2,3,1.874927
0.2,3,1.891372
0.2,3,1.905986
