#{"t_start": 1673960153.680797, "env_id": "WurtzDistill-v1"}
r,l,t
0.2,6,0.994563
0.2,13,1.066297
0.2,1,1.067141
