#{"t_start": 1673990154.9119093, "env_id": "WurtzReact-v1"}
r,l,t
0.083558,50,3.94713
0.086808,50,6.353852
0.084532,50,8.794376
0.077189,50,11.209259
0.083992,50,13.63432
0.089909,50,16.049587
0.081544,50,18.466186
0.071195,50,20.887015
