#{"t_start": 1673991406.1928473, "env_id": "WurtzDistill-v1"}
r,l,t
0.2,8,1.589509
0.2,6,1.628481
0.2,1,1.630058
0.2,8,1.694999
0.2,1,1.696575
0.2,2,1.711458
0.2,2,1.722224
0.2,2,1.73024
0.2,5,1.761396
0.2,4,1.785486
0.2,2,1.797717
0.2,6,1.839882
0.2,2,1.847908
0.2,4,1.875572
0.2,4,1.903743
0.2,1,1.905339
0.2,1,1.906899
0.2,3,1.92274
0.2,1,1.924315
0.2,6,1.967467
0.2,3,1.989418
0.2,12,2.075558
